0, 1, 1, 2, 5, 5, 6, 8, 9, 12, 13, 15, 
17, 18, 22, 23, 24, 25, 25, 26, 27, 27, 27, 28, 
29, 30, 36, 42, 43, 44, 44, 48, 48, 49, 54, 54, 
54, 57, 62, 63, 63, 64, 64, 66, 68, 68, 70, 72, 
72, 73, 74, 76, 80, 81, 82, 83, 84, 84, 92, 93, 
95, 101, 102, 102, 102, 103, 104, 107, 108, 108, 110, 111, 
112, 115, 121, 124, 124, 126, 126, 126, 129, 129, 129, 131, 
131, 131, 131, 132, 139, 140, 140, 142, 144, 145, 149, 150, 
154, 156, 157, 159, 160, 160, 160, 163, 163, 165, 167, 167, 
167, 168, 169, 172, 173, 174, 175, 176, 179, 179, 181, 184, 
190, 191, 191, 197, 201, 201, 202, 202, 203, 204, 205, 205, 
206, 207, 207, 212, 212, 216, 218, 219, 220, 222, 222, 223, 
223, 224, 226, 228, 228, 228, 229, 235, 235, 238, 240, 242, 
242, 242, 243, 247, 248, 248, 250, 251, 252, 253, 253, 256, 
257, 258, 258, 259, 260, 260, 264, 267, 267, 269, 271, 279, 
281, 281, 283, 284, 290, 294, 294, 294, 296, 297, 297, 301, 
303, 305, 306, 308, 309, 310, 311, 311, 311, 311, 312, 314, 
316, 317, 322, 322, 323, 323, 324, 327, 328, 328, 328, 333, 
334, 334, 338, 338, 339, 340, 342, 343, 344, 346, 351, 351, 
351, 352, 352, 353, 354, 355, 356, 356, 357, 359, 359, 360, 
360, 362, 362, 366, 367, 368, 369, 370, 374, 375, 376, 376, 
377, 377, 377, 378, 379, 379, 380, 382, 383, 384, 385, 385, 
385, 386, 387, 388, 388, 389, 392, 393, 394, 396, 396, 398, 
399, 402, 404, 404, 405, 406, 407, 407, 409, 411, 411, 412, 
415, 416, 417, 417, 420, 421, 422, 422, 423, 424, 425, 427, 
427, 428, 429, 429, 431, 433, 434, 436, 436, 436, 437, 440, 
440, 440, 443, 445, 446, 446, 446, 447, 451, 451, 451, 452, 
455, 457, 458, 463, 465, 465, 466, 467, 471, 472, 472, 472, 
473, 477, 477, 479, 479, 485, 486, 487, 489, 490, 490, 491, 
498, 505, 507, 507, 508, 513, 513, 516, 517, 517, 518, 520, 
522, 523, 524, 527, 528, 529, 530, 531, 534, 534, 535, 537, 
537, 537, 538, 538, 538, 539, 541, 542, 544, 545, 546, 547, 
547, 551, 551, 555, 555, 556, 557, 559, 559, 560, 560, 563, 
565, 566, 566, 569, 572, 572, 575, 577, 584, 584, 586, 586, 
586, 586, 588, 589, 589, 590, 592, 592, 597, 598, 598, 599, 
600, 601, 604, 611, 611, 612, 613, 613, 615, 617, 619, 623, 
624, 626, 628, 629, 633, 634, 634, 637, 637, 639, 639, 641, 
641, 644, 645, 645, 649, 650, 651, 652, 652, 654, 655, 655, 
659, 660, 661, 664, 666, 666, 666, 667, 668, 669, 671, 673, 
674, 675, 677, 677, 680, 680, 683, 684, 684, 684, 685, 698, 
699, 699, 700, 700, 703, 703, 703, 703, 703, 704, 704, 705, 
705, 710, 712, 712, 714, 717, 717, 718, 719, 719, 724, 724, 
726, 727, 731, 734, 734, 739, 742, 742, 743, 743, 746, 746, 
746, 746, 751, 753, 755, 757, 759, 760, 760, 763, 764, 764, 
764, 765, 767, 767, 767, 767, 770, 770, 770, 776, 779, 780, 
783, 784, 785, 787, 789, 790, 792, 792, 793, 794, 794, 795, 
795, 796, 796, 797, 797, 799, 801, 803, 803, 803, 804, 807, 
808, 809, 812, 812, 813, 813, 813, 815, 816, 817, 818, 819, 
820, 821, 821, 823, 823, 826, 827, 828, 828, 829, 830, 832, 
834, 834, 836, 836, 839, 839, 840, 841, 843, 843, 845, 846, 
849, 849, 850, 853, 854, 856, 857, 858, 861, 864, 868, 872, 
873, 875, 878, 879, 879, 879, 880, 881, 881, 882, 883, 884, 
885, 886, 888, 888, 889, 889, 891, 891, 893, 895, 898, 898, 
899, 899, 899, 899, 902, 902, 902, 902, 903, 903, 904, 906, 
910, 910, 911, 915, 916, 917, 918, 918, 919, 920, 920, 921, 
921, 923, 926, 928, 931, 932, 932, 933, 934, 934, 936, 937, 
940, 941, 946, 947, 948, 949, 950, 950, 952, 954, 956, 957, 
957, 958, 960, 961, 964, 964, 966, 968, 970, 971, 971, 974, 
974, 974, 976, 977, 978, 981, 981, 981, 982, 985, 989, 989, 
993, 994, 994, 994, 997, 997, 1000, 1003, 1006, 1006, 1006, 1007, 
1007, 1007, 1011, 1013, 1016, 1016, 1016, 1017, 1018, 1019, 1020, 1021, 
1021, 1023, 1025, 1026, 1027, 1028, 1029, 1031, 1035, 1036, 1037, 1038, 
1039, 1039, 1042, 1042, 1043, 1045, 1046, 1047, 1047, 1048, 1048, 1051, 
1052, 1053, 1054, 1055, 1056, 1057, 1061, 1063, 1063, 1064, 1066, 1067, 
1067, 1067, 1070, 1071, 1073, 1076, 1077, 1077, 1079, 1080, 1081, 1081, 
1083, 1084, 1088, 1089, 1095, 1095, 1096, 1096, 1099, 1100, 1100, 1100, 
1104, 1105, 1106, 1108, 1108, 1109, 1110, 1112, 1113, 1113, 1114, 1116, 
1116, 1118, 1119, 1121, 1124, 1126, 1126, 1127, 1128, 1129, 1129, 1133, 
1134, 1134, 1136, 1136, 1140, 1143, 1144, 1147, 1149, 1149, 1151, 1151, 
1152, 1153, 1154, 1155, 1157, 1159, 1162, 1169, 1170, 1170, 1170, 1172, 
1172, 1175, 1176, 1177, 1180, 1180, 1180, 1184, 1185, 1188, 1188, 1190, 
1191, 1192, 1194, 1197, 1198, 1199, 1201, 1202, 1206, 1206, 1207, 1208, 
1209, 1210, 1212, 1213, 1214, 1214, 1215, 1218, 1220, 1222, 1224, 1228, 
1229, 1229, 1230, 1232, 1233, 1233, 1234, 1235, 1238, 1239, 1239, 1240, 
1242, 1242, 1243, 1243, 1244, 1244, 1245, 1245, 1246, 1247, 1254, 1255, 
1257, 1257, 1258, 1262, 1262, 1267, 1267, 1267, 1268, 1270, 1271, 1271, 
1271, 1272, 1274, 1275, 1277, 1278, 1278, 1278, 1279, 1279, 1279, 1280, 
1280, 1282, 1282, 1284, 1287, 1287, 1288, 1290, 1291, 1291, 1295, 1295, 
1297, 1299, 1300, 1300, 1304, 1306, 1306, 1307, 1308, 1309, 1312, 1313, 
1315, 1315, 1316, 1317, 1320, 1320, 1323, 1323, 1330, 1334, 1335, 1335, 
1336, 1338, 1339, 1339, 1340, 1340, 1340, 1343, 1346, 1351, 1352, 1352, 
1352, 1353, 1354, 1359, 1360, 1360, 1364, 1364, 1365, 1368, 1369, 1371, 
1374, 1376, 1377, 1378, 1378, 1382, 1385, 1386, 1387, 1387, 1388, 1390, 
1391, 1393, 1393, 1393, 1393, 1396, 1397, 1398, 1399, 1399, 1401, 1401, 
1402, 1403, 1404, 1404, 1404, 1408, 1409, 1413, 1414, 1415, 1418, 1418, 
1419, 1421, 1421, 1423, 1424, 1424, 1425, 1427, 1428, 1428, 1431, 1432, 
1433, 1434, 1435, 1436, 1437, 1437, 1438, 1438, 1438, 1439, 1441, 1443, 
1444, 1445, 1446, 1447, 1451, 1453, 1454, 1455, 1458, 1462, 1468, 1469, 
1469, 1469, 1472, 1473, 1475, 1479, 1480, 1481, 1482, 1483, 1483, 1485, 
1487, 1487, 1487, 1488, 1491, 1491, 1492, 1494, 1494, 1494, 1495, 1497, 
1498, 1500, 1507, 1508, 1510, 1513, 1514, 1514, 1517, 1517, 1517, 1518, 
1522, 1523, 1524, 1528, 1529, 1529, 1529, 1530, 1534, 1534, 1535, 1535, 
1538, 1541, 1541, 1543, 1545, 1545, 1547, 1548, 1548, 1548, 1550, 1550, 
1552, 1554, 1555, 1558, 1559, 1563, 1563, 1563, 1565, 1566, 1568, 1569, 
1569, 1571, 1573, 1580, 1580, 1580, 1580, 1580, 1582, 1582, 1582, 1583, 
1583, 1583, 1586, 1587, 1591, 1594, 1595, 1596, 1596, 1596, 1598, 1599, 
1600, 1600, 1601, 1601, 1602, 1603, 1604, 1606, 1607, 1607, 1609, 1611, 
1611, 1611, 1612, 1615, 1619, 1619, 1624, 1624, 1624, 1624, 1625, 1626, 
1627, 1629, 1629, 1630, 1631, 1631, 1632, 1633, 1636, 1636, 1637, 1637, 
1640, 1640, 1641, 1641, 1642, 1642, 1645, 1648, 1648, 1648, 1648, 1650, 
1654, 1655, 1655, 1657, 1659, 1659, 1659, 1660, 1663, 1664, 1665, 1666, 
1667, 1667, 1668, 1669, 1674, 1675, 1683, 1683, 1684, 1686, 1686, 1690, 
1692, 1693, 1693, 1696, 1697, 1705, 1706, 1706, 1707, 1708, 1709, 1709, 
1709, 1711, 1715, 1717, 1717, 1717, 1719, 1719, 1722, 1722, 1723, 1724, 
1724, 1724, 1724, 1725, 1725, 1726, 1730, 1730, 1730, 1732, 1735, 1735, 
1735, 1735, 1735, 1737, 1737, 1738, 1741, 1743, 1744, 1744, 1745, 1746, 
1747, 1748, 1748, 1748, 1748, 1754, 1754, 1754, 1755, 1756, 1756, 1758, 
1760, 1760, 1760, 1761, 1762, 1768, 1770, 1772, 1772, 1773, 1776, 1781, 
1782, 1784, 1785, 1787, 1787, 1789, 1791, 1793, 1797, 1797, 1797, 1799, 
1799, 1801, 1802, 1803, 1805, 1805, 1807, 1808, 1809, 1810, 1812, 1814, 
1815, 1816, 1816, 1817, 1820, 1822, 1823, 1826, 1827, 1827, 1828, 1829, 
1830, 1831, 1831, 1833, 1836, 1837, 1838, 1839, 1840, 1841, 1846, 1847, 
1849, 1854, 1855, 1857, 1858, 1858, 1859, 1859, 1863, 1865, 1866, 1866, 
1866, 1868, 1869, 1869, 1871, 1873, 1873, 1874, 1878, 1878, 1878, 1878, 
1881, 1881, 1882, 1883, 1888, 1888, 1893, 1897, 1898, 1899, 1904, 1904, 
1905, 1906, 1907, 1911, 1913, 1914, 1914, 1914, 1915, 1917, 1922, 1922, 
1925, 1928, 1930, 1932, 1932, 1934, 1939, 1940, 1941, 1941, 1942, 1942, 
1944, 1946, 1947, 1950, 1952, 1953, 1955, 1960, 1962, 1962, 1965, 1967, 
1969, 1974, 1976, 1977, 1977, 1978, 1980, 1980, 1981, 1982, 1982, 1982, 
1983, 1984, 1984, 1987, 1987, 1988, 1992, 1993, 1993, 1994, 1996, 1997, 
2001, 2001, 2002, 2002, 2003, 2006, 2009, 2010, 2012, 2016, 2017, 2023, 
2025, 2025, 2026, 2030, 2031, 2031, 2033, 2034, 2034, 2038, 2040, 2041, 
2042, 2043, 2044, 2046, 2046, 2047, 2047, 2047, 2049, 2050, 2053, 2053, 
2054, 2056, 2056, 2058, 2058, 2058, 2062, 2064, 2065, 2065, 2066, 2068, 
2068, 2070, 2071, 2071, 2072, 2075, 2075, 2076, 2076, 2077, 2077, 2078, 
2078, 2079, 2080, 2082, 2083, 2087, 2087, 2087, 2087, 2088, 2090, 2090, 
2091, 2093, 2096, 2097, 2099, 2100, 2100, 2101, 2101, 2102, 2103, 2104, 
2109, 2110, 2113, 2116, 2116, 2117, 2117, 2121, 2122, 2126, 2128, 2129, 
2129, 2131, 2131, 2133, 2134, 2135, 2135, 2136, 2137, 2138, 2138, 2138, 
2139, 2139, 2146, 2146, 2147, 2147, 2148, 2151, 2152, 2152, 2152, 2153, 
2153, 2154, 2154, 2155, 2155, 2159, 2160, 2160, 2160, 2163, 2163, 2166, 
2168, 2169, 2170, 2170, 2171, 2172, 2173, 2175, 2175, 2176, 2178, 2178, 
2180, 2181, 2182, 2183, 2184, 2185, 2186, 2187, 2188, 2189, 2189, 2189, 
2190, 2191, 2194, 2196, 2197, 2198, 2200, 2203, 2205, 2205, 2207, 2208, 
2210, 2211, 2211, 2212, 2213, 2216, 2218, 2220, 2224, 2224, 2225, 2226, 
2227, 2227, 2230, 2231, 2231, 2232, 2234, 2236, 2237, 2242, 2245, 2245, 
2248, 2248, 2249, 2250, 2251, 2254, 2256, 2256, 2257, 2259, 2264, 2265, 
2266, 2267, 2269, 2270, 2273, 2273, 2274, 2274, 2276, 2277, 2278, 2280, 
2281, 2282, 2282, 2283, 2284, 2285, 2290, 2293, 2294, 2296, 2296, 2297, 
2299, 2304, 2305, 2305, 2305, 2307, 2308, 2310, 2314, 2314, 2316, 2317, 
2318, 2320, 2327, 2329, 2329, 2330, 2330, 2331, 2332, 2333, 2334, 2336, 
2336, 2338, 2339, 2341, 2341, 2342, 2343, 2344, 2344, 2346, 2346, 2347, 
2349, 2353, 2353, 2354, 2354, 2354, 2354, 2355, 2355, 2358, 2361, 2362, 
2362, 2364, 2367, 2368, 2368, 2369, 2370, 2370, 2372, 2376, 2377, 2377, 
2381, 2382, 2382, 2382, 2383, 2383, 2384, 2384, 2385, 2389, 2402, 2403, 
2405, 2405, 2407, 2410, 2412, 2413, 2413, 2415, 2419, 2420, 2423, 2424, 
2425, 2426, 2426, 2427, 2428, 2431, 2432, 2434, 2436, 2439, 2442, 2443, 
2445, 2446, 2447, 2447, 2449, 2450, 2450, 2452, 2454, 2456, 2456, 2457, 
2458, 2458, 2459, 2460, 2460, 2460, 2461, 2461, 2462, 2464, 2464, 2466, 
2467, 2468, 2469, 2469, 2470, 2472, 2472, 2472, 2473, 2473, 2478, 2479, 
2482, 2482, 2483, 2483, 2484, 2489, 2490, 2491, 2494, 2494, 2495, 2495, 
2496, 2498, 2501, 2501, 2501, 2503, 2504, 2505, 2505, 2510, 2510, 2513, 
2514, 2516, 2516, 2517, 2519, 2521, 2521, 2521, 2523, 2523, 2524, 2526, 
2527, 2528, 2529, 2531, 2532, 2537, 2541, 2542, 2542, 2543, 2544, 2545, 
2546, 2546, 2547, 2549, 2550, 2552, 2553, 2553, 2555, 2555, 2557, 2560, 
2562, 2563, 2564, 2564, 2565, 2566, 2568, 2569, 2570, 2573, 2575, 2576, 
2577, 2578, 2580, 2580, 2582, 2582, 2584, 2586, 2589, 2589, 2589, 2590, 
2592, 2594, 2599, 2604, 2605, 2606, 2606, 2607, 2607, 2609, 2610, 2611, 
2611, 2611, 2614, 2615, 2615, 2615, 2617, 2618, 2621, 2622, 2622, 2623, 
2623, 2625, 2625, 2627, 2627, 2630, 2632, 2632, 2632, 2634, 2635, 2636, 
2636, 2637, 2638, 2640, 2641, 2642, 2643, 2645, 2647, 2649, 2651, 2652, 
2653, 2654, 2655, 2657, 2659, 2659, 2661, 2662, 2663, 2664, 2667, 2667, 
2669, 2672, 2673, 2673, 2676, 2677, 2677, 2680, 2683, 2683, 2684, 2685, 
2685, 2693, 2694, 2694, 2694, 2696, 2697, 2697, 2698, 2702, 2704, 2704, 
2705, 2705, 2706, 2706, 2708, 2710, 2712, 2712, 2713, 2715, 2716, 2717, 
2720, 2720, 2721, 2721, 2724, 2724, 2725, 2727, 2728, 2730, 2732, 2732, 
2732, 2734, 2735, 2738, 2739, 2740, 2740, 2740, 2741, 2742, 2743, 2743, 
2746, 2747, 2748, 2748, 2748, 2750, 2752, 2752, 2756, 2756, 2758, 2758, 
2759, 2762, 2763, 2763, 2763, 2765, 2771, 2775, 2776, 2777, 2777, 2778, 
2779, 2779, 2779, 2780, 2782, 2783, 2783, 2785, 2790, 2791, 2791, 2792, 
2792, 2794, 2795, 2795, 2797, 2798, 2799, 2799, 2801, 2803, 2804, 2807, 
2807, 2808, 2809, 2811, 2811, 2811, 2811, 2813, 2814, 2821, 2825, 2826, 
2826, 2828, 2830, 2830, 2833, 2833, 2833, 2833, 2835, 2837, 2838, 2838, 
2841, 2841, 2842, 2843, 2843, 2843, 2844, 2845, 2846, 2852, 2852, 2854, 
2854, 2855, 2855, 2855, 2857, 2857, 2858, 2859, 2863, 2866, 2868, 2869, 
2871, 2873, 2874, 2874, 2874, 2876, 2877, 2877, 2880, 2882, 2885, 2887, 
2887, 2889, 2889, 2890, 2890, 2891, 2892, 2892, 2893, 2893, 2893, 2894, 
2895, 2896, 2896, 2897, 2898, 2899, 2900, 2906, 2907, 2910, 2914, 2916, 
2921, 2927, 2930, 2931, 2933, 2935, 2935, 2937, 2938, 2939, 2941, 2941, 
2944, 2949, 2950, 2950, 2953, 2954, 2954, 2956, 2956, 2958, 2958, 2959, 
2961, 2961, 2961, 2962, 2962, 2966, 2967, 2968, 2968, 2969, 2969, 2973, 
2974, 2974, 2974, 2974, 2975, 2975, 2977, 2981, 2982, 2983, 2985, 2988, 
2988, 2989, 2991, 2991, 2991, 2991, 2993, 2994, 3003, 3004, 3007, 3007, 
3007, 3007, 3008, 3008, 3013, 3017, 3021, 3022, 3023, 3024, 3024, 3025, 
3027, 3028, 3030, 3030, 3031, 3035, 3036, 3036, 3036, 3038, 3040, 3041, 
3041, 3041, 3043, 3044, 3044, 3044, 3044, 3045, 3046, 3046, 3046, 3048, 
3048, 3050, 3051, 3053, 3055, 3055, 3057, 3060, 3061, 3063, 3064, 3064, 
3065, 3067, 3068, 3069, 3072, 3074, 3077, 3079, 3079, 3080, 3080, 3082, 
3083, 3085, 3088, 3089, 3092, 3094, 3094, 3095, 3096, 3096, 3096, 3099, 
3099, 3106, 3106, 3107, 3108, 3109, 3111, 3112, 3113, 3114, 3116, 3116, 
3116, 3116, 3118, 3120, 3120, 3122, 3123, 3126, 3127, 3127, 3127, 3127, 
3129, 3130, 3134, 3135, 3135, 3136, 3137, 3138, 3143, 3143, 3143, 3145, 
3147, 3149, 3149, 3150, 3150, 3151, 3152, 3152, 3156, 3160, 3161, 3162, 
3163, 3163, 3164, 3167, 3167, 3167, 3169, 3170, 3172, 3174, 3175, 3176, 
3176, 3177, 3178, 3180, 3180, 3181, 3182, 3182, 3183, 3185, 3187, 3190, 
3190, 3192, 3197, 3198, 3200, 3202, 3203, 3205, 3206, 3207, 3208, 3209, 
3210, 3213, 3213, 3215, 3216, 3216, 3217, 3217, 3217, 3217, 3220, 3221, 
3222, 3222, 3224, 3224, 3224, 3224, 3225, 3228, 3229, 3230, 3231, 3232, 
3232, 3234, 3236, 3237, 3240, 3240, 3241, 3243, 3243, 3244, 3245, 3246, 
3249, 3251, 3254, 3255, 3255, 3257, 3258, 3258, 3258, 3260, 3268, 3268, 
3270, 3270, 3273, 3274, 3275, 3276, 3277, 3278, 3281, 3281, 3281, 3282, 
3283, 3283, 3291, 3294, 3296, 3296, 3296, 3297, 3298, 3299, 3300, 3304, 
3307, 3307, 3309, 3309, 3310, 3311, 3312, 3315, 3319, 3322, 3323, 3323, 
3325, 3326, 3327, 3327, 3332, 3332, 3334, 3337, 3337, 3339, 3342, 3342, 
3343, 3343, 3344, 3344, 3344, 3345, 3346, 3347, 3348, 3350, 3351, 3353, 
3353, 3355, 3355, 3356, 3360, 3362, 3362, 3364, 3364, 3366, 3367, 3368, 
3370, 3372, 3372, 3373, 3373, 3374, 3374, 3377, 3378, 3379, 3379, 3380, 
3381, 3382, 3382, 3384, 3384, 3386, 3386, 3387, 3389, 3390, 3393, 3393, 
3393, 3393, 3395, 3396, 3397, 3397, 3399, 3400, 3402, 3405, 3407, 3408, 
3409, 3409, 3409, 3410, 3410, 3411, 3415, 3418, 3420, 3420, 3421, 3422, 
3425, 3425, 3427, 3431, 3433, 3433, 3434, 3434, 3434, 3435, 3435, 3438, 
3438, 3442, 3443, 3444, 3445, 3446, 3447, 3449, 3452, 3452, 3454, 3458, 
3459, 3460, 3463, 3463, 3471, 3471, 3471, 3473, 3475, 3475, 3475, 3478, 
3479, 3479, 3480, 3481, 3483, 3486, 3488, 3489, 3492, 3492, 3492, 3494, 
3496, 3498, 3500, 3501, 3501, 3507, 3507, 3508, 3511, 3512, 3512, 3515, 
3521, 3522, 3526, 3526, 3526, 3527, 3529, 3532, 3535, 3535, 3537, 3537, 
3537, 3539, 3540, 3540, 3541, 3543, 3547, 3548, 3549, 3551, 3551, 3553, 
3554, 3557, 3560, 3561, 3561, 3561, 3561, 3562, 3563, 3564, 3571, 3571, 
3572, 3572, 3576, 3578, 3582, 3582, 3584, 3587, 3587, 3590, 3592, 3594, 
3595, 3596, 3597, 3597, 3599, 3600, 3605, 3605, 3606, 3607, 3610, 3614, 
3615, 3618, 3619, 3627, 3628, 3628, 3628, 3630, 3632, 3634, 3634, 3635, 
3635, 3638, 3639, 3640, 3641, 3643, 3644, 3646, 3647, 3650, 3651, 3652, 
3653, 3657, 3660, 3660, 3661, 3661, 3662, 3662, 3663, 3665, 3666, 3668, 
3668, 3669, 3673, 3674, 3680, 3680, 3682, 3686, 3688, 3689, 3689, 3690, 
3694, 3695, 3696, 3697, 3697, 3700, 3702, 3707, 3713, 3715, 3715, 3716, 
3717, 3720, 3721, 3722, 3724, 3725, 3725, 3727, 3727, 3728, 3728, 3736, 
3737, 3738, 3738, 3739, 3740, 3740, 3741, 3741, 3741, 3742, 3743, 3743, 
3746, 3748, 3748, 3749, 3753, 3753, 3755, 3756, 3756, 3757, 3757, 3757, 
3758, 3760, 3761, 3761, 3761, 3762, 3766, 3770, 3774, 3774, 3775, 3776, 
3777, 3778, 3780, 3781, 3785, 3785, 3786, 3787, 3787, 3787, 3787, 3787, 
3788, 3789, 3790, 3794, 3794, 3798, 3799, 3801, 3802, 3803, 3803, 3803, 
3804, 3808, 3808, 3808, 3809, 3810, 3813, 3815, 3815, 3817, 3817, 3818, 
3820, 3821, 3824, 3825, 3826, 3826, 3828, 3829, 3831, 3831, 3833, 3836, 
3838, 3838, 3839, 3839, 3841, 3841, 3842, 3843, 3851, 3855, 3856, 3857, 
3857, 3858, 3858, 3859, 3860, 3860, 3861, 3862, 3863, 3863, 3864, 3869, 
3870, 3871, 3875, 3876, 3877, 3877, 3880, 3880, 3881, 3882, 3883, 3884, 
3884, 3884, 3886, 3889, 3890, 3890, 3892, 3892, 3892, 3893, 3895, 3898, 
3900, 3900, 3904, 3908, 3909, 3910, 3913, 3914, 3915, 3915, 3915, 3919, 
3922, 3923, 3923, 3924, 3926, 3927, 3933, 3934, 3935, 3936, 3937, 3939, 
3942, 3942, 3942, 3945, 3945, 3946, 3947, 3950, 3953, 3953, 3961, 3962, 
3963, 3964, 3967, 3967, 3972, 3973, 3976, 3978, 3978, 3979, 3979, 3981, 
3982, 3983, 3985, 3985, 3985, 3986, 3987, 3989, 3989, 3991, 3991, 3992, 
3993, 3994, 3996, 3996, 3997, 3998, 3999, 4000, 4001, 4002, 4005, 4005, 
4006, 4007, 4008, 4008, 4011, 4012, 4015, 4015, 4016, 4017, 4018, 4021, 
4022, 4023, 4024, 4027, 4027, 4028, 4028, 4030, 4032, 4037, 4038, 4039, 
4039, 4040, 4043, 4045, 4050, 4051, 4054, 4055, 4056, 4057, 4058, 4058, 
4058, 4059, 4059, 4060, 4060, 4065, 4069, 4077, 4077, 4078, 4080, 4083, 
4085, 4085, 4086, 4086, 4088, 4094, 4098, 4099, 4102, 4102, 4106, 4109, 
4109, 4110, 4110, 4111, 4114, 4115, 4115, 4119, 4122, 4123, 4123, 4124, 
4127, 4127, 4130, 4131, 4131, 4132, 4133, 4133, 4133, 4136, 4137, 4137, 
4137, 4137, 4138, 4142, 4144, 4147, 4150, 4150, 4150, 4153, 4156, 4157, 
4158, 4160, 4162, 4164, 4166, 4166, 4168, 4169, 4169, 4172, 4172, 4173, 
4174, 4174, 4176, 4176, 4182, 4182, 4183, 4185, 4190, 4195, 4200, 4202, 
4205, 4205, 4205, 4205, 4208, 4210, 4210, 4210, 4211, 4211, 4213, 4214, 
4215, 4215, 4216, 4217, 4218, 4219, 4219, 4221, 4221, 4221, 4221, 4222, 
4222, 4223, 4224, 4224, 4228, 4229, 4232, 4235, 4236, 4236, 4238, 4239, 
4240, 4240, 4241, 4242, 4244, 4245, 4245, 4245, 4246, 4247, 4247, 4254, 
4255, 4255, 4257, 4257, 4257, 4258, 4259, 4260, 4260, 4260, 4262, 4262, 
4263, 4264, 4265, 4265, 4265, 4267, 4267, 4277, 4281, 4281, 4283, 4284, 
4284, 4285, 4292, 4293, 4294, 4295, 4298, 4299, 4301, 4301, 4302, 4303, 
4303, 4304, 4307, 4308, 4309, 4310, 4311, 4313, 4316, 4316, 4316, 4317, 
4317, 4320, 4321, 4322, 4323, 4325, 4327, 4330, 4331, 4333, 4335, 4336, 
4337, 4338, 4339, 4342, 4343, 4346, 4350, 4350, 4351, 4351, 4353, 4359, 
4362, 4363, 4363, 4364, 4365, 4365, 4366, 4368, 4369, 4369, 4374, 4375, 
4376, 4377, 4378, 4378, 4378, 4378, 4380, 4382, 4383, 4383, 4387, 4389, 
4391, 4396, 4399, 4400, 4405, 4405, 4406, 4406, 4407, 4407, 4408, 4409, 
4411, 4411, 4412, 4412, 4414, 4415, 4416, 4418, 4420, 4421, 4421, 4423, 
4425, 4429, 4434, 4437, 4437, 4437, 4438, 4439, 4440, 4440, 4441, 4441, 
4444, 4446, 4447, 4447, 4449, 4449, 4451, 4453, 4455, 4456, 4459, 4460, 
4461, 4461, 4462, 4464, 4465, 4467, 4469, 4469, 4471, 4473, 4475, 4479, 
4481, 4483, 4483, 4484, 4485, 4485, 4485, 4488, 4488, 4488, 4489, 4491, 
4494, 4494, 4494, 4498, 4499, 4499, 4501, 4501, 4502, 4503, 4503, 4504, 
4506, 4507, 4508, 4509, 4511, 4511, 4512, 4512, 4513, 4515, 4515, 4518, 
4520, 4522, 4523, 4528, 4529, 4529, 4530, 4530, 4531, 4532, 4534, 4534, 
4537, 4538, 4538, 4538, 4539, 4540, 4540, 4542, 4542, 4553, 4555, 4555, 
4556, 4556, 4557, 4561, 4562, 4563, 4564, 4565, 4565, 4567, 4567, 4567, 
4567, 4571, 4573, 4575, 4575, 4576, 4576, 4577, 4578, 4579, 4579, 4580, 
4580, 4581, 4582, 4583, 4585, 4585, 4586, 4587, 4587, 4588, 4588, 4589, 
4590, 4594, 4594, 4594, 4595, 4598, 4599, 4603, 4606, 4607, 4608, 4609, 
4610, 4611, 4611, 4611, 4612, 4612, 4613, 4613, 4614, 4619, 4622, 4622, 
4627, 4630, 4631, 4632, 4632, 4632, 4633, 4634, 4634, 4637, 4639, 4641, 
4644, 4644, 4646, 4647, 4647, 4648, 4656, 4658, 4658, 4660, 4660, 4661, 
4661, 4664, 4665, 4665, 4666, 4667, 4668, 4669, 4669, 4671, 4671, 4672, 
4675, 4676, 4676, 4677, 4677, 4680, 4682, 4684, 4685, 4686, 4686, 4688, 
4689, 4691, 4691, 4692, 4693, 4694, 4695, 4696, 4696, 4696, 4697, 4698, 
4700, 4701, 4701, 4702, 4702, 4703, 4705, 4705, 4706, 4709, 4710, 4710, 
4711, 4711, 4711, 4711, 4713, 4713, 4716, 4717, 4721, 4721, 4727, 4728, 
4729, 4729, 4729, 4730, 4730, 4734, 4734, 4734, 4735, 4737, 4738, 4740, 
4740, 4741, 4743, 4744, 4746, 4746, 4749, 4749, 4750, 4751, 4751, 4752, 
4754, 4754, 4754, 4754, 4755, 4756, 4757, 4758, 4760, 4762, 4764, 4765, 
4765, 4766, 4766, 4766, 4766, 4772, 4772, 4773, 4777, 4777, 4780, 4780, 
4780, 4780, 4780, 4782, 4784, 4786, 4786, 4789, 4789, 4790, 4790, 4790, 
4790, 4791, 4792, 4793, 4794, 4795, 4796, 4797, 4798, 4799, 4803, 4805, 
4805, 4805, 4806, 4808, 4809, 4811, 4812, 4814, 4815, 4815, 4818, 4818, 
4820, 4822, 4823, 4824, 4825, 4826, 4828, 4830, 4834, 4835, 4835, 4836, 
4838, 4839, 4839, 4842, 4842, 4842, 4843, 4844, 4845, 4845, 4848, 4848, 
4849, 4854, 4854, 4857, 4858, 4863, 4864, 4866, 4870, 4871, 4874, 4875, 
4876, 4876, 4876, 4879, 4880, 4881, 4889, 4891, 4891, 4892, 4893, 4894, 
4895, 4896, 4897, 4898, 4898, 4899, 4899, 4900, 4900, 4901, 4903, 4904, 
4905, 4905, 4905, 4906, 4906, 4908, 4910, 4910, 4911, 4914, 4916, 4919, 
4921, 4921, 4923, 4928, 4937, 4939, 4939, 4939, 4939, 4943, 4946, 4948, 
4950, 4950, 4953, 4955, 4956, 4956, 4958, 4958, 4958, 4958, 4959, 4963, 
4963, 4966, 4968, 4973, 4973, 4974, 4975, 4978, 4981, 4982, 4983, 4983, 
4984, 4986, 4987, 4988, 4989, 4990, 4990, 4990, 4992, 4995, 4996, 4998, 
4998, 5001, 5002, 5002, 5004, 5004, 5005, 5007, 5010, 5011, 5012, 5013, 
5014, 5017, 5017, 5018, 5022, 5023, 5023, 5024, 5024, 5025, 5025, 5026, 
5027, 5028, 5029, 5029, 5030, 5030, 5031, 5032, 5033, 5034, 5036, 5040, 
5042, 5044, 5047, 5049, 5049, 5050, 5051, 5051, 5052, 5052, 5053, 5053, 
5058, 5058, 5058, 5059, 5059, 5059, 5060, 5061, 5063, 5064, 5065, 5067, 
5067, 5068, 5070, 5071, 5072, 5073, 5073, 5073, 5073, 5076, 5076, 5080, 
5086, 5087, 5087, 5088, 5088, 5089, 5090, 5091, 5091, 5095, 5096, 5096, 
5098, 5100, 5103, 5104, 5110, 5111, 5111, 5112, 5113, 5113, 5113, 5117, 
5123, 5124, 5129, 5129, 5130, 5131, 5133, 5133, 5137, 5138, 5139, 5139, 
5140, 5141, 5142, 5142, 5142, 5146, 5146, 5146, 5147, 5147, 5147, 5152, 
5154, 5154, 5155, 5156, 5156, 5157, 5157, 5158, 5160, 5161, 5162, 5162, 
5163, 5163, 5164, 5165, 5165, 5166, 5167, 5169, 5169, 5169, 5172, 5173, 
5174, 5176, 5177, 5177, 5177, 5180, 5180, 5182, 5185, 5185, 5186, 5189, 
5190, 5192, 5194, 5194, 5196, 5198, 5199, 5199, 5199, 5200, 5200, 5200, 
5201, 5201, 5202, 5204, 5208, 5209, 5211, 5211, 5211, 5212, 5215, 5218, 
5218, 5221, 5221, 5222, 5224, 5227, 5229, 5230, 5231, 5239, 5241, 5242, 
5243, 5245, 5245, 5246, 5246, 5246, 5248, 5249, 5250, 5251, 5252, 5252, 
5261, 5264, 5264, 5264, 5265, 5265, 5267, 5267, 5271, 5271, 5272, 5277, 
5277, 5278, 5280, 5281, 5282, 5283, 5283, 5285, 5287, 5289, 5289, 5289, 
5290, 5290, 5291, 5294, 5295, 5298, 5299, 5299, 5301, 5302, 5303, 5307, 
5310, 5310, 5313, 5313, 5314, 5316, 5317, 5318, 5320, 5322, 5322, 5322, 
5322, 5323, 5324, 5324, 5325, 5328, 5331, 5332, 5333, 5333, 5334, 5335, 
5336, 5337, 5338, 5339, 5339, 5341, 5344, 5346, 5346, 5350, 5351, 5353, 
5357, 5358, 5360, 5360, 5361, 5362, 5362, 5363, 5363, 5364, 5365, 5366, 
5367, 5369, 5371, 5371, 5372, 5372, 5373, 5373, 5374, 5375, 5378, 5382, 
5383, 5385, 5386, 5386, 5388, 5389, 5390, 5391, 5392, 5393, 5393, 5393, 
5394, 5395, 5396, 5397, 5401, 5401, 5403, 5405, 5409, 5409, 5410, 5412, 
5413, 5416, 5417, 5417, 5419, 5420, 5420, 5420, 5424, 5426, 5426, 5428, 
5429, 5430, 5430, 5432, 5435, 5437, 5438, 5439, 5440, 5440, 5440, 5442, 
5442, 5443, 5443, 5443, 5444, 5447, 5450, 5450, 5451, 5452, 5452, 5455, 
5459, 5461, 5463, 5463, 5468, 5468, 5473, 5473, 5474, 5475, 5477, 5478, 
5478, 5479, 5480, 5480, 5480, 5480, 5481, 5482, 5486, 5486, 5487, 5487, 
5488, 5488, 5488, 5488, 5491, 5491, 5493, 5493, 5497, 5501, 5501, 5504, 
5504, 5505, 5506, 5507, 5509, 5511, 5512, 5513, 5513, 5514, 5514, 5515, 
5516, 5518, 5518, 5520, 5520, 5521, 5522, 5523, 5524, 5525, 5526, 5527, 
5530, 5530, 5531, 5531, 5533, 5534, 5542, 5542, 5542, 5544, 5546, 5547, 
5548, 5550, 5554, 5556, 5557, 5558, 5562, 5562, 5564, 5564, 5567, 5567, 
5568, 5570, 5571, 5573, 5575, 5578, 5579, 5581, 5582, 5585, 5585, 5587, 
5588, 5589, 5590, 5592, 5593, 5593, 5596, 5599, 5600, 5602, 5604, 5604, 
5605, 5606, 5607, 5608, 5608, 5609, 5610, 5610, 5610, 5610, 5611, 5612, 
5613, 5615, 5617, 5618, 5621, 5623, 5623, 5624, 5629, 5630, 5631, 5633, 
5633, 5634, 5634, 5636, 5638, 5639, 5640, 5643, 5644, 5644, 5645, 5645, 
5646, 5649, 5653, 5654, 5655, 5655, 5657, 5657, 5658, 5660, 5661, 5662, 
5664, 5666, 5667, 5669, 5670, 5670, 5670, 5671, 5672, 5673, 5676, 5679, 
5681, 5682, 5685, 5686, 5687, 5687, 5688, 5689, 5690, 5690, 5693, 5696, 
5697, 5698, 5701, 5704, 5704, 5705, 5706, 5707, 5707, 5707, 5708, 5709, 
5709, 5710, 5711, 5713, 5713, 5715, 5715, 5715, 5715, 5715, 5717, 5720, 
5722, 5723, 5724, 5724, 5727, 5730, 5731, 5733, 5735, 5736, 5736, 5737, 
5737, 5741, 5741, 5742, 5743, 5743, 5744, 5750, 5751, 5751, 5751, 5751, 
5755, 5756, 5758, 5761, 5763, 5766, 5766, 5768, 5770, 5771, 5771, 5772, 
5773, 5773, 5773, 5774, 5775, 5775, 5778, 5778, 5779, 5781, 5784, 5785, 
5785, 5787, 5787, 5788, 5788, 5788, 5789, 5796, 5797, 5798, 5798, 5802, 
5807, 5809, 5810, 5810, 5811, 5814, 5814, 5815, 5816, 5818, 5818, 5821, 
5821, 5822, 5823, 5824, 5825, 5826, 5826, 5827, 5827, 5828, 5830, 5831, 
5832, 5834, 5839, 5840, 5843, 5844, 5847, 5849, 5852, 5853, 5854, 5854, 
5855, 5855, 5858, 5860, 5860, 5861, 5863, 5863, 5863, 5864, 5866, 5869, 
5870, 5870, 5870, 5873, 5874, 5878, 5879, 5880, 5882, 5887, 5888, 5889, 
5890, 5890, 5895, 5898, 5899, 5900, 5901, 5901, 5901, 5902, 5903, 5903, 
5903, 5904, 5907, 5908, 5908, 5908, 5910, 5910, 5911, 5911, 5915, 5916, 
5917, 5917, 5918, 5918, 5919, 5919, 5921, 5921, 5922, 5923, 5923, 5923, 
5924, 5925, 5925, 5925, 5925, 5926, 5929, 5930, 5936, 5937, 5938, 5938, 
5938, 5938, 5943, 5945, 5948, 5949, 5950, 5952, 5952, 5953, 5953, 5954, 
5956, 5958, 5959, 5960, 5960, 5964, 5965, 5965, 5969, 5970, 5972, 5973, 
5973, 5976, 5977, 5980, 5984, 5984, 5986, 5987, 5992, 5992, 5993, 5995, 
5996, 5996, 5998, 6000, 6000, 6002, 6002, 6004, 6005, 6006, 6006, 6010, 
6011, 6011, 6012, 6013, 6014, 6014, 6016, 6016, 6017, 6019, 6023, 6027, 
6027, 6027, 6028, 6028, 6030, 6032, 6033, 6035, 6037, 6038, 6039, 6040, 
6041, 6041, 6041, 6041, 6043, 6045, 6048, 6049, 6049, 6052, 6052, 6053, 
6053, 6055, 6058, 6059, 6059, 6059, 6060, 6061, 6061, 6062, 6064, 6064, 
6065, 6067, 6069, 6069, 6072, 6075, 6078, 6080, 6081, 6081, 6082, 6083, 
6084, 6084, 6086, 6087, 6090, 6090, 6091, 6092, 6093, 6094, 6094, 6096, 
6100, 6100, 6101, 6102, 6103, 6103, 6103, 6106, 6107, 6109, 6110, 6111, 
6111, 6113, 6117, 6122, 6123, 6124, 6124, 6126, 6127, 6128, 6129, 6130, 
6132, 6133, 6134, 6137, 6137, 6139, 6140, 6140, 6144, 6146, 6146, 6146, 
6148, 6154, 6154, 6154, 6155, 6156, 6157, 6158, 6159, 6164, 6164, 6167, 
6167, 6168, 6169, 6171, 6172, 6173, 6175, 6177, 6179, 6179, 6179, 6180, 
6182, 6184, 6185, 6186, 6187, 6190, 6191, 6194, 6195, 6196, 6196, 6196, 
6201, 6202, 6209, 6211, 6212, 6213, 6214, 6216, 6217, 6217, 6218, 6218, 
6218, 6218, 6220, 6220, 6221, 6221, 6223, 6224, 6225, 6229, 6229, 6233, 
6235, 6236, 6236, 6237, 6238, 6241, 6241, 6242, 6244, 6247, 6248, 6249, 
6249, 6249, 6249, 6250, 6251, 6251, 6252, 6252, 6255, 6256, 6257, 6260, 
6261, 6264, 6266, 6266, 6271, 6275, 6276, 6278, 6281, 6281, 6283, 6284, 
6287, 6289, 6292, 6294, 6294, 6296, 6297, 6298, 6299, 6300, 6300, 6301, 
6302, 6302, 6302, 6305, 6306, 6309, 6315, 6315, 6316, 6316, 6317, 6317, 
6318, 6320, 6321, 6322, 6327, 6328, 6329, 6329, 6329, 6330, 6335, 6336, 
6336, 6339, 6339, 6341, 6345, 6345, 6346, 6347, 6351, 6352, 6352, 6352, 
6354, 6355, 6357, 6357, 6359, 6360, 6361, 6362, 6362, 6364, 6365, 6373, 
6374, 6375, 6375, 6376, 6376, 6377, 6377, 6379, 6379, 6380, 6380, 6380, 
6380, 6381, 6381, 6382, 6382, 6383, 6383, 6385, 6386, 6389, 6391, 6392, 
6392, 6394, 6395, 6395, 6396, 6397, 6400, 6406, 6412, 6412, 6413, 6415, 
6416, 6419, 6420, 6426, 6426, 6427, 6429, 6430, 6430, 6432, 6433, 6433, 
6434, 6434, 6437, 6439, 6440, 6444, 6445, 6446, 6447, 6447, 6448, 6448, 
6448, 6449, 6453, 6454, 6455, 6456, 6459, 6459, 6460, 6462, 6462, 6463, 
6463, 6463, 6464, 6464, 6465, 6465, 6466, 6468, 6470, 6474, 6474, 6477, 
6482, 6482, 6482, 6483, 6484, 6485, 6485, 6488, 6489, 6490, 6494, 6494, 
6497, 6497, 6498, 6500, 6501, 6501, 6502, 6504, 6504, 6505, 6505, 6506, 
6506, 6507, 6508, 6510, 6510, 6511, 6513, 6513, 6513, 6514, 6515, 6517, 
6518, 6518, 6520, 6520, 6521, 6521, 6521, 6522, 6526, 6526, 6527, 6527, 
6527, 6529, 6529, 6533, 6536, 6536, 6537, 6541, 6542, 6542, 6543, 6544, 
6545, 6553, 6554, 6554, 6556, 6561, 6561, 6562, 6563, 6565, 6565, 6570, 
6571, 6572, 6573, 6573, 6576, 6577, 6578, 6579, 6580, 6581, 6581, 6582, 
6584, 6584, 6586, 6594, 6594, 6596, 6599, 6604, 6607, 6608, 6609, 6609, 
6610, 6612, 6613, 6614, 6615, 6616, 6617, 6617, 6619, 6622, 6623, 6626, 
6628, 6629, 6630, 6633, 6635, 6636, 6637, 6645, 6647, 6648, 6649, 6650, 
6651, 6651, 6652, 6653, 6654, 6656, 6656, 6657, 6657, 6659, 6661, 6661, 
6661, 6662, 6663, 6665, 6665, 6666, 6666, 6669, 6670, 6671, 6671, 6675, 
6676, 6676, 6677, 6678, 6678, 6679, 6682, 6682, 6683, 6683, 6684, 6685, 
6685, 6685, 6686, 6687, 6688, 6690, 6693, 6693, 6693, 6694, 6697, 6700, 
6705, 6706, 6706, 6707, 6715, 6715, 6716, 6717, 6721, 6721, 6721, 6723, 
6723, 6726, 6726, 6728, 6729, 6730, 6730, 6735, 6735, 6736, 6736, 6737, 
6741, 6742, 6744, 6746, 6748, 6749, 6749, 6749, 6750, 6752, 6753, 6754, 
6760, 6760, 6763, 6767, 6767, 6767, 6768, 6770, 6772, 6774, 6774, 6774, 
6775, 6775, 6775, 6777, 6778, 6778, 6779, 6780, 6783, 6787, 6787, 6789, 
6789, 6791, 6791, 6792, 6794, 6797, 6797, 6799, 6799, 6800, 6800, 6801, 
6802, 6802, 6803, 6805, 6806, 6806, 6806, 6807, 6808, 6809, 6811, 6811, 
6813, 6818, 6819, 6823, 6824, 6827, 6828, 6829, 6830, 6831, 6833, 6837, 
6837, 6839, 6839, 6843, 6845, 6846, 6846, 6847, 6849, 6849, 6850, 6850, 
6850, 6856, 6857, 6858, 6860, 6861, 6862, 6863, 6863, 6864, 6865, 6865, 
6865, 6869, 6872, 6878, 6880, 6881, 6881, 6883, 6883, 6884, 6885, 6887, 
6887, 6888, 6889, 6890, 6892, 6895, 6895, 6897, 6901, 6901, 6903, 6903, 
6904, 6907, 6908, 6912, 6914, 6915, 6916, 6918, 6919, 6923, 6925, 6927, 
6931, 6932, 6934, 6936, 6937, 6939, 6939, 6939, 6940, 6940, 6942, 6949, 
6949, 6951, 6953, 6953, 6955, 6958, 6959, 6961, 6964, 6965, 6965, 6967, 
6968, 6968, 6968, 6971, 6972, 6974, 6976, 6979, 6980, 6984, 6985, 6985, 
6988, 6990, 6994, 6994, 6995, 6995, 6996, 6996, 6997, 6999, 7002, 7003, 
7006, 7006, 7007, 7007, 7013, 7014, 7014, 7014, 7015, 7015, 7017, 7019, 
7019, 7020, 7020, 7020, 7022, 7023, 7024, 7025, 7027, 7027, 7027, 7028, 
7028, 7029, 7030, 7032, 7033, 7033, 7034, 7034, 7035, 7038, 7039, 7039, 
7040, 7044, 7046, 7046, 7046, 7046, 7047, 7047, 7048, 7050, 7052, 7057, 
7057, 7057, 7058, 7061, 7064, 7066, 7070, 7071, 7075, 7076, 7076, 7076, 
7076, 7077, 7079, 7080, 7080, 7080, 7081, 7084, 7086, 7088, 7090, 7091, 
7092, 7093, 7095, 7098, 7102, 7102, 7104, 7106, 7106, 7107, 7112, 7112, 
7114, 7114, 7115, 7118, 7118, 7119, 7120, 7120, 7121, 7122, 7123, 7124, 
7124, 7126, 7132, 7133, 7134, 7135, 7137, 7138, 7142, 7143, 7144, 7145, 
7146, 7147, 7149, 7151, 7152, 7153, 7154, 7156, 7157, 7157, 7157, 7157, 
7158, 7163, 7165, 7166, 7171, 7172, 7175, 7178, 7179, 7183, 7183, 7184, 
7185, 7185, 7186, 7186, 7186, 7187, 7188, 7188, 7188, 7190, 7194, 7194, 
7194, 7194, 7195, 7196, 7198, 7198, 7200, 7202, 7203, 7203, 7204, 7204, 
7204, 7207, 7207, 7207, 7209, 7209, 7209, 7211, 7212, 7213, 7214, 7218, 
7219, 7221, 7224, 7225, 7225, 7225, 7228, 7228, 7230, 7231, 7234, 7235, 
7236, 7237, 7237, 7239, 7240, 7240, 7241, 7242, 7243, 7244, 7244, 7246, 
7246, 7246, 7247, 7248, 7250, 7256, 7256, 7256, 7257, 7258, 7262, 7263, 
7263, 7264, 7265, 7267, 7269, 7272, 7274, 7275, 7275, 7276, 7280, 7280, 
7280, 7282, 7284, 7284, 7285, 7285, 7286, 7286, 7287, 7290, 7291, 7291, 
7292, 7292, 7293, 7296, 7297, 7299, 7299, 7301, 7303, 7303, 7305, 7306, 
7307, 7309, 7309, 7311, 7311, 7311, 7313, 7317, 7318, 7318, 7319, 7319, 
7326, 7327, 7328, 7333, 7334, 7338, 7342, 7342, 7343, 7345, 7345, 7345, 
7345, 7347, 7349, 7349, 7351, 7353, 7353, 7353, 7354, 7355, 7355, 7358, 
7359, 7367, 7367, 7367, 7368, 7369, 7369, 7369, 7371, 7372, 7374, 7374, 
7375, 7377, 7378, 7379, 7386, 7386, 7388, 7388, 7388, 7390, 7391, 7393, 
7394, 7394, 7395, 7395, 7395, 7396, 7398, 7399, 7400, 7401, 7402, 7403, 
7403, 7404, 7404, 7405, 7406, 7408, 7409, 7409, 7409, 7409, 7411, 7414, 
7416, 7418, 7420, 7420, 7423, 7425, 7429, 7436, 7436, 7437, 7437, 7441, 
7447, 7449, 7452, 7453, 7454, 7456, 7457, 7458, 7458, 7462, 7462, 7464, 
7464, 7465, 7466, 7468, 7469, 7470, 7470, 7472, 7474, 7475, 7477, 7479, 
7482, 7482, 7483, 7484, 7485, 7490, 7490, 7492, 7492, 7493, 7494, 7494, 
7495, 7499, 7501, 7501, 7504, 7510, 7512, 7515, 7515, 7518, 7519, 7520, 
7520, 7525, 7527, 7527, 7529, 7530, 7531, 7532, 7532, 7532, 7532, 7532, 
7533, 7535, 7536, 7538, 7539, 7539, 7542, 7544, 7544, 7546, 7551, 7552, 
7555, 7556, 7558, 7559, 7560, 7560, 7570, 7570, 7573, 7573, 7574, 7575, 
7575, 7576, 7577, 7580, 7580, 7581, 7582, 7582, 7585, 7586, 7586, 7587, 
7588, 7590, 7593, 7594, 7595, 7596, 7596, 7597, 7597, 7599, 7600, 7602, 
7602, 7602, 7602, 7602, 7602, 7603, 7604, 7604, 7605, 7605, 7606, 7607, 
7609, 7609, 7610, 7611, 7612, 7613, 7614, 7615, 7615, 7616, 7619, 7623, 
7623, 7625, 7625, 7632, 7633, 7634, 7636, 7637, 7640, 7640, 7642, 7645, 
7645, 7647, 7647, 7649, 7649, 7651, 7651, 7655, 7663, 7666, 7667, 7671, 
7675, 7676, 7680, 7681, 7684, 7684, 7684, 7685, 7685, 7685, 7685, 7688, 
7694, 7694, 7697, 7700, 7701, 7704, 7714, 7717, 7717, 7718, 7718, 7719, 
7719, 7719, 7720, 7722, 7723, 7726, 7731, 7732, 7734, 7735, 7736, 7737, 
7738, 7742, 7743, 7743, 7748, 7749, 7750, 7751, 7752, 7753, 7756, 7756, 
7757, 7758, 7759, 7760, 7764, 7764, 7773, 7774, 7775, 7776, 7776, 7780, 
7783, 7784, 7787, 7787, 7788, 7790, 7790, 7791, 7792, 7792, 7794, 7795, 
7795, 7795, 7796, 7796, 7798, 7798, 7799, 7800, 7801, 7802, 7802, 7803, 
7806, 7807, 7807, 7809, 7810, 7813, 7814, 7814, 7815, 7815, 7815, 7816, 
7819, 7819, 7819, 7820, 7821, 7823, 7825, 7826, 7826, 7830, 7833, 7833, 
7833, 7836, 7838, 7839, 7840, 7840, 7843, 7845, 7848, 7849, 7851, 7852, 
7852, 7855, 7856, 7857, 7858, 7859, 7860, 7862, 7863, 7866, 7873, 7876, 
7876, 7877, 7878, 7879, 7879, 7880, 7884, 7884, 7889, 7893, 7897, 7899, 
7899, 7899, 7900, 7903, 7904, 7905, 7906, 7907, 7908, 7912, 7913, 7915, 
7916, 7920, 7922, 7922, 7922, 7922, 7922, 7923, 7923, 7923, 7926, 7927, 
7927, 7927, 7929, 7931, 7934, 7937, 7940, 7941, 7941, 7941, 7944, 7945, 
7945, 7949, 7951, 7951, 7958, 7960, 7960, 7963, 7964, 7966, 7969, 7971, 
7971, 7974, 7975, 7976, 7978, 7978, 7979, 7982, 7985, 7987, 7987, 7988, 
7989, 7991, 7992, 7994, 7996, 7999, 8000, 8003, 8003, 8004, 8005, 8007, 
8008, 8014, 8017, 8018, 8021, 8022, 8022, 8024, 8026, 8027, 8028, 8029, 
8032, 8033, 8034, 8035, 8035, 8035, 8036, 8039, 8039, 8040, 8041, 8041, 
8041, 8044, 8049, 8050, 8051, 8051, 8052, 8052, 8053, 8053, 8053, 8054, 
8054, 8056, 8056, 8057, 8057, 8059, 8059, 8060, 8061, 8062, 8067, 8069, 
8073, 8079, 8081, 8081, 8083, 8089, 8089, 8090, 8090, 8091, 8091, 8092, 
8093, 8093, 8096, 8098, 8098, 8099, 8101, 8101, 8107, 8107, 8109, 8111, 
8114, 8118, 8119, 8119, 8121, 8122, 8123, 8124, 8125, 8126, 8127, 8128, 
8129, 8129, 8131, 8133, 8135, 8136, 8136, 8137, 8138, 8138, 8139, 8144, 
8148, 8150, 8156, 8158, 8158, 8160, 8160, 8166, 8168, 8168, 8170, 8172, 
8176, 8176, 8177, 8177, 8179, 8180, 8183, 8184, 8187, 8189, 8190, 8191, 
8191, 8191, 8191, 8193, 8194, 8196, 8197, 8197, 8198, 8202, 8203, 8204, 
8205, 8208, 8208, 8208, 8214, 8214, 8219, 8220, 8220, 8222, 8226, 8228, 
8229, 8233, 8236, 8236, 8236, 8236, 8237, 8237, 8240, 8241, 8243, 8246, 
8248, 8250, 8253, 8253, 8254, 8261, 8263, 8263, 8265, 8267, 8269, 8269, 
8271, 8274, 8278, 8278, 8280, 8283, 8288, 8289, 8290, 8295, 8295, 8296, 
8299, 8300, 8301, 8301, 8301, 8301, 8301, 8302, 8303, 8304, 8306, 8308, 
8308, 8308, 8312, 8313, 8314, 8316, 8318, 8320, 8322, 8325, 8325, 8327, 
8328, 8328, 8329, 8330, 8331, 8331, 8331, 8334, 8336, 8336, 8336, 8339, 
8345, 8346, 8346, 8348, 8348, 8350, 8357, 8359, 8361, 8363, 8364, 8367, 
8368, 8371, 8372, 8372, 8373, 8377, 8377, 8383, 8383, 8384, 8385, 8386, 
8388, 8388, 8390, 8392, 8393, 8393, 8393, 8394, 8397, 8398, 8405, 8405, 
8409, 8409, 8409, 8410, 8413, 8414, 8416, 8417, 8417, 8418, 8420, 8421, 
8422, 8423, 8424, 8424, 8425, 8426, 8427, 8428, 8433, 8434, 8434, 8435, 
8435, 8441, 8443, 8446, 8449, 8452, 8455, 8456, 8458, 8459, 8460, 8460, 
8460, 8460, 8462, 8465, 8465, 8466, 8467, 8468, 8468, 8468, 8469, 8470, 
8471, 8471, 8472, 8472, 8472, 8475, 8479, 8479, 8479, 8479, 8482, 8482, 
8482, 8482, 8482, 8483, 8483, 8484, 8486, 8490, 8490, 8493, 8495, 8500, 
8502, 8502, 8503, 8503, 8504, 8504, 8509, 8509, 8510, 8510, 8514, 8514, 
8514, 8520, 8524, 8525, 8526, 8527, 8528, 8531, 8533, 8534, 8536, 8537, 
8538, 8538, 8539, 8539, 8540, 8540, 8542, 8542, 8542, 8544, 8544, 8545, 
8546, 8549, 8549, 8553, 8555, 8558, 8558, 8558, 8562, 8564, 8565, 8566, 
8567, 8569, 8569, 8573, 8573, 8574, 8578, 8579, 8580, 8580, 8583, 8585, 
8587, 8589, 8590, 8593, 8594, 8594, 8594, 8603, 8603, 8606, 8610, 8611, 
8613, 8615, 8617, 8618, 8619, 8619, 8620, 8620, 8622, 8623, 8624, 8625, 
8625, 8627, 8629, 8630, 8630, 8633, 8636, 8640, 8642, 8643, 8646, 8651, 
8653, 8653, 8654, 8655, 8655, 8655, 8657, 8662, 8664, 8666, 8667, 8669, 
8669, 8671, 8674, 8677, 8678, 8680, 8681, 8681, 8681, 8684, 8687, 8688, 
8689, 8689, 8692, 8694, 8694, 8696, 8699, 8699, 8699, 8699, 8703, 8704, 
8710, 8715, 8716, 8718, 8722, 8724, 8725, 8728, 8729, 8730, 8731, 8737, 
8739, 8740, 8742, 8744, 8750, 8750, 8753, 8753, 8753, 8754, 8755, 8755, 
8755, 8758, 8759, 8762, 8762, 8764, 8768, 8769, 8772, 8773, 8773, 8773, 
8776, 8778, 8783, 8786, 8786, 8788, 8789, 8790, 8791, 8794, 8794, 8795, 
8796, 8798, 8799, 8799, 8805, 8808, 8808, 8811, 8812, 8814, 8817, 8820, 
8823, 8823, 8824, 8827, 8829, 8829, 8830, 8832, 8832, 8834, 8835, 8835, 
8835, 8837, 8838, 8838, 8841, 8845, 8845, 8846, 8846, 8848, 8850, 8850, 
8850, 8851, 8852, 8853, 8854, 8855, 8856, 8858, 8861, 8861, 8862, 8862, 
8863, 8866, 8867, 8868, 8868, 8868, 8870, 8870, 8870, 8871, 8873, 8874, 
8874, 8875, 8875, 8875, 8875, 8876, 8876, 8880, 8881, 8884, 8885, 8893, 
8893, 8894, 8896, 8896, 8898, 8899, 8900, 8904, 8907, 8909, 8910, 8912, 
8912, 8914, 8914, 8917, 8919, 8921, 8923, 8923, 8924, 8926, 8927, 8928, 
8928, 8928, 8930, 8931, 8935, 8937, 8938, 8939, 8943, 8946, 8947, 8949, 
8950, 8951, 8955, 8957, 8957, 8957, 8958, 8960, 8962, 8966, 8967, 8968, 
8973, 8976, 8976, 8980, 8981, 8981, 8986, 8988, 8989, 8991, 8992, 8993, 
8994, 8998, 8999, 9001, 9001, 9001, 9005, 9008, 9009, 9011, 9012, 9013, 
9014, 9019, 9020, 9021, 9023, 9024, 9026, 9028, 9028, 9029, 9031, 9032, 
9035, 9038, 9038, 9039, 9039, 9041, 9042, 9043, 9045, 9047, 9047, 9048, 
9048, 9050, 9052, 9052, 9053, 9054, 9055, 9058, 9058, 9058, 9060, 9060, 
9063, 9063, 9066, 9066, 9067, 9069, 9070, 9071, 9073, 9074, 9074, 9075, 
9076, 9079, 9079, 9080, 9081, 9081, 9082, 9083, 9086, 9087, 9090, 9091, 
9092, 9096, 9099, 9101, 9101, 9103, 9104, 9104, 9107, 9109, 9110, 9111, 
9114, 9114, 9115, 9116, 9116, 9117, 9118, 9119, 9122, 9123, 9124, 9124, 
9128, 9134, 9135, 9135, 9137, 9138, 9139, 9141, 9142, 9144, 9144, 9144, 
9144, 9146, 9146, 9150, 9151, 9151, 9153, 9155, 9156, 9159, 9161, 9161, 
9162, 9164, 9165, 9166, 9166, 9167, 9170, 9171, 9172, 9174, 9176, 9177, 
9177, 9177, 9180, 9181, 9181, 9186, 9186, 9186, 9186, 9189, 9190, 9194, 
9194, 9196, 9199, 9202, 9207, 9209, 9209, 9210, 9211, 9215, 9215, 9216, 
9217, 9217, 9217, 9218, 9218, 9221, 9227, 9231, 9231, 9231, 9232, 9233, 
9236, 9238, 9239, 9240, 9240, 9241, 9242, 9244, 9248, 9249, 9249, 9249, 
9249, 9251, 9252, 9252, 9253, 9255, 9256, 9256, 9257, 9260, 9260, 9261, 
9261, 9261, 9262, 9262, 9263, 9263, 9267, 9268, 9268, 9268, 9269, 9271, 
9272, 9273, 9274, 9275, 9276, 9276, 9277, 9278, 9279, 9282, 9286, 9286, 
9286, 9288, 9289, 9289, 9290, 9290, 9290, 9291, 9293, 9294, 9295, 9298, 
9304, 9304, 9305, 9305, 9306, 9307, 9307, 9308, 9309, 9309, 9309, 9311, 
9313, 9315, 9315, 9315, 9319, 9321, 9321, 9322, 9325, 9328, 9329, 9330, 
9330, 9332, 9332, 9337, 9339, 9340, 9340, 9341, 9341, 9342, 9342, 9343, 
9348, 9348, 9348, 9350, 9350, 9351, 9355, 9355, 9355, 9359, 9361, 9361, 
9362, 9365, 9367, 9367, 9368, 9369, 9369, 9373, 9374, 9383, 9386, 9390, 
9391, 9393, 9393, 9393, 9393, 9393, 9394, 9395, 9398, 9400, 9400, 9400, 
9402, 9402, 9403, 9404, 9404, 9407, 9407, 9410, 9410, 9411, 9414, 9415, 
9416, 9417, 9417, 9418, 9419, 9419, 9420, 9421, 9426, 9427, 9429, 9429, 
9431, 9436, 9438, 9438, 9440, 9441, 9443, 9444, 9444, 9445, 9449, 9449, 
9450, 9450, 9453, 9454, 9454, 9456, 9456, 9456, 9458, 9459, 9460, 9461, 
9461, 9462, 9466, 9468, 9469, 9472, 9474, 9474, 9475, 9476, 9476, 9478, 
9482, 9483, 9484, 9491, 9497, 9498, 9502, 9502, 9503, 9504, 9506, 9509, 
9510, 9513, 9514, 9515, 9516, 9516, 9518, 9519, 9520, 9524, 9528, 9529, 
9530, 9531, 9531, 9532, 9533, 9534, 9537, 9537, 9540, 9541, 9541, 9542, 
9546, 9548, 9549, 9553, 9553, 9554, 9556, 9557, 9558, 9559, 9559, 9560, 
9560, 9560, 9562, 9563, 9567, 9568, 9569, 9573, 9574, 9576, 9576, 9578, 
9578, 9582, 9584, 9585, 9589, 9589, 9590, 9590, 9591, 9591, 9592, 9595, 
9595, 9596, 9597, 9598, 9598, 9602, 9603, 9603, 9605, 9606, 9606, 9607, 
9608, 9608, 9609, 9611, 9612, 9612, 9614, 9616, 9617, 9621, 9622, 9624, 
9626, 9626, 9629, 9630, 9634, 9635, 9635, 9636, 9641, 9643, 9645, 9646, 
9646, 9647, 9648, 9648, 9649, 9650, 9654, 9654, 9654, 9655, 9656, 9656, 
9656, 9660, 9660, 9662, 9665, 9665, 9668, 9672, 9673, 9673, 9677, 9680, 
9681, 9685, 9686, 9686, 9687, 9688, 9690, 9690, 9691, 9692, 9697, 9698, 
9699, 9700, 9700, 9700, 9700, 9703, 9704, 9706, 9708, 9710, 9711, 9713, 
9713, 9714, 9714, 9715, 9716, 9717, 9717, 9719, 9721, 9724, 9725, 9726, 
9726, 9728, 9729, 9731, 9731, 9731, 9733, 9733, 9738, 9740, 9741, 9743, 
9747, 9748, 9749, 9749, 9749, 9750, 9752, 9753, 9755, 9758, 9759, 9759, 
9759, 9761, 9761, 9763, 9763, 9763, 9764, 9768, 9769, 9769, 9771, 9773, 
9774, 9776, 9776, 9777, 9778, 9780, 9780, 9781, 9783, 9784, 9786, 9787, 
9788, 9788, 9790, 9790, 9792, 9794, 9794, 9794, 9795, 9796, 9798, 9801, 
9801, 9802, 9802, 9805, 9808, 9810, 9812, 9815, 9816, 9819, 9820, 9822, 
9824, 9829, 9832, 9833, 9834, 9835, 9837, 9837, 9838, 9842, 9843, 9846, 
9850, 9852, 9852, 9853, 9853, 9858, 9859, 9861, 9862, 9863, 9864, 9864, 
9867, 9868, 9868, 9868, 9868, 9869, 9871, 9872, 9872, 9873, 9875, 9876, 
9878, 9880, 9881, 9883, 9884, 9886, 9888, 9888, 9890, 9890, 9891, 9895, 
9895, 9899, 9900, 9904, 9905, 9907, 9909, 9910, 9911, 9913, 9913, 9914, 
9914, 9915, 9915, 9916, 9918, 9918, 9918, 9920, 9921, 9921, 9924, 9924, 
9926, 9927, 9930, 9932, 9933, 9933, 9936, 9937, 9937, 9938, 9939, 9942, 
9943, 9947, 9948, 9949, 9949, 9950, 9951, 9954, 9954, 9957, 9959, 9960, 
9961, 9963, 9965, 9965, 9967, 9969, 9971, 9971, 9973, 9974, 9974, 9977, 
9978, 9978, 9982, 9982, 9984, 9985, 9992, 9993, 9995, 9998, 9999, 10000, 
